2025.0,2717.0,59160.0
2027.0,2716.0,59262.0
2026.0,2712.0,59364.0
2025.0,2703.0,59466.0
2025.0,2699.0,59568.0
2024.0,2694.0,59670.0
2026.0,2695.0,59772.0
2027.0,2696.0,59874.0
2024.0,2691.0,59976.0
2027.0,2711.0,60078.0
2027.0,2722.0,60180.0
2026.0,2714.0,60282.0
2027.0,2688.0,60384.0
2027.0,2669.0,60486.0
2026.0,2635.0,60588.0
2026.0,2618.0,60690.0
2027.0,2602.0,60792.0
2027.0,2591.0,60894.0
2027.0,2582.0,60996.0
2027.0,2575.0,61098.0
2026.0,2566.0,61200.0
2027.0,2558.0,61302.0
2027.0,2551.0,61404.0
2026.0,2545.0,61506.0
2026.0,2543.0,61608.0
2027.0,2542.0,61710.0
2027.0,2537.0,61812.0
2027.0,2531.0,61914.0
2028.0,2529.0,62016.0
2026.0,2523.0,62118.0
2026.0,2522.0,62220.0
2027.0,2519.0,62322.0
2027.0,2518.0,62424.0
2027.0,2515.0,62526.0
2026.0,2512.0,62628.0
2026.0,2510.0,62730.0
2025.0,2508.0,62832.0
2026.0,2507.0,62934.0
2026.0,2506.0,63036.0
2025.0,2504.0,63138.0
2026.0,2503.0,63240.0
2027.0,2501.0,63342.0
2027.0,2499.0,63444.0
2027.0,2499.0,63546.0
2028.0,2498.0,63648.0
2027.0,2497.0,63750.0
2028.0,2502.0,63852.0
2029.0,2510.0,63954.0
2028.0,2517.0,64056.0
2028.0,2518.0,64158.0
2029.0,2536.0,64260.0
2028.0,2555.0,64362.0
2028.0,2543.0,64464.0
2030.0,2527.0,64566.0
2029.0,2522.0,64668.0
2029.0,2515.0,64770.0
2030.0,2503.0,64872.0
2029.0,2491.0,64974.0
2032.0,2484.0,65076.0
2029.0,2478.0,65178.0
2029.0,2483.0,65280.0
2029.0,2515.0,65382.0
2029.0,2559.0,65484.0
2028.0,2638.0,65586.0
2026.0,2775.0,65688.0
2027.0,2939.0,65790.0
2027.0,3102.0,65892.0
2025.0,3235.0,65994.0
2025.0,3309.0,66096.0
2026.0,3318.0,66198.0
2027.0,3284.0,66300.0
2026.0,3239.0,66402.0
2025.0,3196.0,66504.0
2026.0,3166.0,66606.0
2025.0,3151.0,66708.0
2026.0,3145.0,66810.0
2027.0,3146.0,66912.0
2025.0,3137.0,67014.0
2027.0,3125.0,67116.0
2025.0,3119.0,67218.0
2025.0,3141.0,67320.0
2026.0,3139.0,67422.0
2026.0,3115.0,67524.0
2025.0,3118.0,67626.0
2025.0,3091.0,67728.0
2026.0,3079.0,67830.0
2025.0,3135.0,67932.0
2026.0,3211.0,68034.0
2029.0,3256.0,68136.0
2029.0,3266.0,68238.0
2033.0,3244.0,68340.0
2035.0,3235.0,68442.0
2040.0,3215.0,68544.0
2041.0,3215.0,68646.0
2042.0,3189.0,68748.0
2042.0,3139.0,68850.0
2044.0,3086.0,68952.0
2043.0,3039.0,69054.0
2044.0,2995.0,69156.0
2045.0,2949.0,69258.0
2045.0,2899.0,69360.0
2046.0,2840.0,69462.0
2044.0,2793.0,69564.0
2042.0,2784.0,69666.0
2042.0,2835.0,69768.0
2042.0,2970.0,69870.0
2039.0,3104.0,69972.0
2038.0,3195.0,70074.0
2037.0,3263.0,70176.0
2034.0,3315.0,70278.0
2034.0,3347.0,70380.0
2033.0,3353.0,70482.0
2032.0,3331.0,70584.0
2032.0,3284.0,70686.0
2030.0,3239.0,70788.0
2032.0,3198.0,70890.0
2030.0,3177.0,70992.0
2032.0,3170.0,71094.0
2030.0,3191.0,71196.0
2029.0,3175.0,71298.0
2028.0,3175.0,71400.0
2029.0,3160.0,71502.0
2029.0,3122.0,71604.0
2030.0,3090.0,71706.0
2031.0,3068.0,71808.0
2029.0,3051.0,71910.0
2031.0,3047.0,72012.0
2030.0,3187.0,72114.0
2029.0,3310.0,72216.0
2028.0,3322.0,72318.0
2028.0,3273.0,72420.0
2029.0,3219.0,72522.0
2027.0,3153.0,72624.0
2029.0,3031.0,72726.0
2027.0,2987.0,72828.0
2028.0,2898.0,72930.0
2028.0,2776.0,73032.0
2029.0,2721.0,73134.0
2028.0,2699.0,73236.0
2029.0,2707.0,73338.0
2029.0,2647.0,73440.0
2029.0,2611.0,73542.0
2027.0,2609.0,73644.0
2028.0,2611.0,73746.0
2026.0,2609.0,73848.0
2028.0,2606.0,73950.0
2028.0,2688.0,74052.0
2028.0,2615.0,74154.0
2030.0,2553.0,74256.0
2030.0,2507.0,74358.0
2030.0,2490.0,74460.0
2029.0,2519.0,74562.0
2032.0,2483.0,74664.0
2029.0,2481.0,74766.0
2029.0,2485.0,74868.0
2031.0,2459.0,74970.0
2031.0,2441.0,75072.0
2030.0,2430.0,75174.0
2030.0,2630.0,75276.0
2028.0,2755.0,75378.0
2030.0,2723.0,75480.0
2029.0,2659.0,75582.0
2029.0,2590.0,75684.0
2032.0,2539.0,75786.0
2029.0,2515.0,75888.0
2030.0,2499.0,75990.0
2029.0,2521.0,76092.0
2032.0,2510.0,76194.0
2029.0,2473.0,76296.0
2030.0,2453.0,76398.0
2032.0,2447.0,76500.0
2029.0,2439.0,76602.0
2030.0,2441.0,76704.0
2029.0,2464.0,76806.0
2028.0,2455.0,76908.0
2029.0,2430.0,77010.0
2029.0,2411.0,77112.0
2029.0,2395.0,77214.0
2030.0,2393.0,77316.0
2029.0,2399.0,77418.0
2028.0,2406.0,77520.0
2028.0,2401.0,77622.0
2028.0,2383.0,77724.0
2029.0,2371.0,77826.0
2029.0,2365.0,77928.0
2028.0,2359.0,78030.0
2028.0,2355.0,78132.0
2029.0,2374.0,78234.0
2028.0,2440.0,78336.0
2026.0,2564.0,78438.0
2028.0,2665.0,78540.0
2027.0,2747.0,78642.0
2027.0,2775.0,78744.0
2028.0,2763.0,78846.0
2026.0,2735.0,78948.0
2026.0,2719.0,79050.0
2026.0,2698.0,79152.0
2027.0,2684.0,79254.0
2027.0,2683.0,79356.0
2027.0,2684.0,79458.0
2027.0,2661.0,79560.0
2027.0,2695.0,79662.0
2027.0,2666.0,79764.0
2026.0,2582.0,79866.0
2024.0,2517.0,79968.0
2025.0,2521.0,80070.0
2025.0,2499.0,80172.0
2024.0,2541.0,80274.0
2024.0,2722.0,80376.0
2022.0,3030.0,80478.0
2024.0,3253.0,80580.0
2022.0,3280.0,80682.0
2024.0,3379.0,80784.0
2023.0,3411.0,80886.0
2022.0,3423.0,80988.0
2022.0,3425.0,81090.0
2023.0,3391.0,81192.0
2022.0,3355.0,81294.0
2022.0,3327.0,81396.0
2024.0,3295.0,81498.0
2026.0,3279.0,81600.0
2024.0,3274.0,81702.0
2023.0,3267.0,81804.0
2024.0,3238.0,81906.0
2024.0,3234.0,82008.0
2024.0,3215.0,82110.0
2025.0,3167.0,82212.0
2024.0,3147.0,82314.0
2024.0,3123.0,82416.0
2025.0,3097.0,82518.0
2025.0,3081.0,82620.0
2025.0,3075.0,82722.0
2025.0,3059.0,82824.0
2025.0,3042.0,82926.0
2025.0,3039.0,83028.0
2026.0,3040.0,83130.0
2025.0,3025.0,83232.0
2026.0,3023.0,83334.0
2025.0,3023.0,83436.0
2024.0,3011.0,83538.0
2026.0,3003.0,83640.0
2026.0,3001.0,83742.0
2025.0,3011.0,83844.0
2024.0,3007.0,83946.0
2027.0,2997.0,84048.0
2025.0,2990.0,84150.0
2026.0,2996.0,84252.0
2026.0,3026.0,84354.0
2028.0,3066.0,84456.0
2028.0,3136.0,84558.0
2029.0,3175.0,84660.0
2029.0,3215.0,84762.0
2029.0,3234.0,84864.0
2028.0,3246.0,84966.0
2028.0,3227.0,85068.0
2028.0,3190.0,85170.0
2028.0,3151.0,85272.0
2028.0,3128.0,85374.0
2032.0,3107.0,85476.0
2029.0,3077.0,85578.0
2030.0,3033.0,85680.0
2029.0,2994.0,85782.0
2029.0,2967.0,85884.0
2032.0,2947.0,85986.0
2032.0,2936.0,86088.0
2032.0,2932.0,86190.0
2032.0,2927.0,86292.0
2032.0,2922.0,86394.0
2030.0,2904.0,86496.0
2031.0,2881.0,86598.0
2029.0,2858.0,86700.0
2030.0,2841.0,86802.0
2032.0,2827.0,86904.0
2032.0,2819.0,87006.0
2029.0,2818.0,87108.0
2032.0,2825.0,87210.0
2032.0,2845.0,87312.0
2032.0,2859.0,87414.0
2029.0,2879.0,87516.0
2029.0,2931.0,87618.0
2029.0,3011.0,87720.0
2029.0,3091.0,87822.0
2029.0,3187.0,87924.0
2028.0,3255.0,88026.0
2029.0,3283.0,88128.0
2029.0,3277.0,88230.0
2029.0,3251.0,88332.0
2029.0,3215.0,88434.0
2029.0,3179.0,88536.0
2027.0,3151.0,88638.0
2029.0,3126.0,88740.0
2029.0,3093.0,88842.0
2028.0,3071.0,88944.0
2029.0,3081.0,89046.0
2029.0,3081.0,89148.0
2030.0,3071.0,89250.0
2032.0,3054.0,89352.0
2029.0,3035.0,89454.0
2030.0,3035.0,89556.0
2029.0,3038.0,89658.0
2031.0,3022.0,89760.0
2032.0,3009.0,89862.0
2030.0,3003.0,89964.0
2030.0,2987.0,90066.0
2031.0,2971.0,90168.0
2030.0,2959.0,90270.0
2030.0,3169.0,90372.0
2030.0,3193.0,90474.0
2030.0,3191.0,90576.0
2029.0,3258.0,90678.0
2030.0,3265.0,90780.0
2028.0,3163.0,90882.0
2029.0,3003.0,90984.0
2029.0,2982.0,91086.0
2029.0,3039.0,91188.0
2030.0,3039.0,91290.0
2030.0,3016.0,91392.0
2030.0,3000.0,91494.0
2029.0,2986.0,91596.0
2030.0,2970.0,91698.0
2030.0,2962.0,91800.0
2028.0,3007.0,91902.0
2029.0,3106.0,92004.0
2029.0,3150.0,92106.0
2033.0,3163.0,92208.0
2036.0,3147.0,92310.0
2037.0,3123.0,92412.0
2038.0,3093.0,92514.0
2039.0,3058.0,92616.0
2040.0,3058.0,92718.0
2038.0,3081.0,92820.0
2039.0,3074.0,92922.0
2037.0,3049.0,93024.0
2038.0,3016.0,93126.0
2038.0,2968.0,93228.0
2038.0,2921.0,93330.0
2040.0,2889.0,93432.0
2039.0,2866.0,93534.0
2039.0,2847.0,93636.0
2039.0,2824.0,93738.0
2039.0,2803.0,93840.0
2038.0,2783.0,93942.0
2039.0,2769.0,94044.0
2039.0,2758.0,94146.0
2039.0,2747.0,94248.0
2039.0,2738.0,94350.0
2038.0,2731.0,94452.0
2038.0,2735.0,94554.0
2036.0,2747.0,94656.0
2036.0,2794.0,94758.0
2037.0,2864.0,94860.0
2036.0,2931.0,94962.0
2035.0,2994.0,95064.0
2036.0,3043.0,95166.0
2035.0,3096.0,95268.0
2034.0,3151.0,95370.0
2034.0,3201.0,95472.0
2032.0,3226.0,95574.0
2033.0,3240.0,95676.0
2032.0,3235.0,95778.0
2032.0,3214.0,95880.0
2034.0,3186.0,95982.0
2034.0,3149.0,96084.0
2032.0,3118.0,96186.0
2032.0,3088.0,96288.0
2032.0,3070.0,96390.0
2032.0,3075.0,96492.0
2032.0,3082.0,96594.0
2034.0,3047.0,96696.0
2033.0,3143.0,96798.0
2032.0,3369.0,96900.0
2032.0,3375.0,97002.0
2032.0,3370.0,97104.0
2032.0,3378.0,97206.0
2032.0,3357.0,97308.0
2032.0,3331.0,97410.0
2032.0,3303.0,97512.0
2032.0,3315.0,97614.0
2034.0,3332.0,97716.0
2033.0,3342.0,97818.0
2031.0,3339.0,97920.0
2033.0,3305.0,98022.0
2034.0,3269.0,98124.0
2033.0,3235.0,98226.0
2034.0,3099.0,98328.0
2032.0,2909.0,98430.0
2034.0,2871.0,98532.0
2035.0,2841.0,98634.0
2035.0,2829.0,98736.0
2034.0,2818.0,98838.0
2033.0,2869.0,98940.0
2032.0,2937.0,99042.0
2033.0,2907.0,99144.0
2034.0,2867.0,99246.0
2033.0,2905.0,99348.0
2033.0,2959.0,99450.0
2033.0,2955.0,99552.0
2035.0,2979.0,99654.0
2034.0,3003.0,99756.0
2036.0,3011.0,99858.0
2036.0,2992.0,99960.0
2037.0,2962.0,100062.0
2036.0,2920.0,100164.0
2037.0,2866.0,100266.0
2038.0,2846.0,100368.0
2038.0,2830.0,100470.0
2037.0,2789.0,100572.0
2036.0,2762.0,100674.0
2037.0,2735.0,100776.0
2037.0,2703.0,100878.0
2036.0,2681.0,100980.0
2037.0,2659.0,101082.0
2039.0,2644.0,101184.0
2036.0,2638.0,101286.0
2037.0,2634.0,101388.0
2036.0,2639.0,101490.0
2036.0,2654.0,101592.0
2036.0,2685.0,101694.0
2036.0,2739.0,101796.0
2034.0,2801.0,101898.0
2035.0,2904.0,102000.0
2033.0,2939.0,102102.0
2035.0,2959.0,102204.0
2034.0,3016.0,102306.0
2034.0,3098.0,102408.0
2034.0,3191.0,102510.0
2034.0,3210.0,102612.0
2033.0,3226.0,102714.0
2032.0,3251.0,102816.0
2033.0,3259.0,102918.0
2033.0,3247.0,103020.0
2032.0,3221.0,103122.0
2033.0,3187.0,103224.0
2032.0,3167.0,103326.0
2034.0,3098.0,103428.0
2033.0,3070.0,103530.0
2032.0,3045.0,103632.0
2034.0,3040.0,103734.0
2033.0,3000.0,103836.0
2034.0,2958.0,103938.0
2033.0,2927.0,104040.0
2033.0,2921.0,104142.0
2033.0,2934.0,104244.0
2033.0,2931.0,104346.0
2032.0,2919.0,104448.0
2032.0,2913.0,104550.0
2032.0,2913.0,104652.0
2033.0,2913.0,104754.0
2033.0,2923.0,104856.0
2032.0,2919.0,104958.0
2032.0,2911.0,105060.0
2032.0,2907.0,105162.0
2032.0,2916.0,105264.0
2034.0,2944.0,105366.0
2033.0,2934.0,105468.0
2033.0,2987.0,105570.0
2032.0,3082.0,105672.0
2033.0,3051.0,105774.0
2033.0,3007.0,105876.0
2033.0,3049.0,105978.0
2032.0,3186.0,106080.0
2033.0,3227.0,106182.0
2032.0,3217.0,106284.0
2032.0,3145.0,106386.0
2033.0,3076.0,106488.0
2032.0,3043.0,106590.0
2033.0,3034.0,106692.0
2032.0,2910.0,106794.0
2032.0,2861.0,106896.0
2033.0,2827.0,106998.0
2032.0,2795.0,107100.0
2032.0,2770.0,107202.0
2033.0,2735.0,107304.0
2034.0,2698.0,107406.0
2035.0,2661.0,107508.0
2035.0,2633.0,107610.0
2035.0,2597.0,107712.0
2035.0,2567.0,107814.0
2035.0,2559.0,107916.0
2035.0,2534.0,108018.0
2035.0,2542.0,108120.0
2035.0,2603.0,108222.0
2034.0,2762.0,108324.0
2035.0,2671.0,108426.0
2034.0,2474.0,108528.0
2036.0,2441.0,108630.0
2035.0,2459.0,108732.0
2034.0,2507.0,108834.0
2034.0,2557.0,108936.0
2033.0,2726.0,109038.0
2032.0,2875.0,109140.0
2032.0,2927.0,109242.0
2033.0,2955.0,109344.0
2033.0,2988.0,109446.0
2032.0,3078.0,109548.0
2031.0,3183.0,109650.0
2031.0,3267.0,109752.0
2030.0,3333.0,109854.0
2029.0,3359.0,109956.0
2029.0,3355.0,110058.0
2031.0,3323.0,110160.0
2028.0,3303.0,110262.0
2029.0,3279.0,110364.0
2029.0,3247.0,110466.0
2028.0,3219.0,110568.0
2028.0,3210.0,110670.0
2028.0,3223.0,110772.0
2028.0,3147.0,110874.0
2029.0,3051.0,110976.0
2029.0,3010.0,111078.0
2029.0,2991.0,111180.0
2029.0,2963.0,111282.0
2030.0,2943.0,111384.0
2032.0,2934.0,111486.0
2030.0,2939.0,111588.0
2030.0,2904.0,111690.0
2031.0,2883.0,111792.0
2028.0,2877.0,111894.0
2029.0,2875.0,111996.0
2029.0,2911.0,112098.0
2030.0,2891.0,112200.0
2029.0,2871.0,112302.0
2032.0,2851.0,112404.0
2029.0,3000.0,112506.0
2028.0,2945.0,112608.0
2030.0,2863.0,112710.0
2029.0,2883.0,112812.0
2029.0,2888.0,112914.0
2029.0,2953.0,113016.0
2032.0,3000.0,113118.0
2032.0,3019.0,113220.0
2030.0,3129.0,113322.0
2032.0,3087.0,113424.0
2032.0,3043.0,113526.0
2032.0,3019.0,113628.0
2032.0,2995.0,113730.0
2032.0,2995.0,113832.0
2032.0,2960.0,113934.0
2032.0,2881.0,114036.0
2033.0,2838.0,114138.0
2033.0,2798.0,114240.0
2033.0,2763.0,114342.0
2033.0,2743.0,114444.0
2033.0,2724.0,114546.0
2032.0,2712.0,114648.0
2032.0,2699.0,114750.0
2032.0,2691.0,114852.0
2032.0,2694.0,114954.0
2032.0,2686.0,115056.0
2032.0,2672.0,115158.0
2032.0,2651.0,115260.0
2032.0,2639.0,115362.0
2033.0,2628.0,115464.0
2032.0,2619.0,115566.0
2033.0,2611.0,115668.0
2032.0,2604.0,115770.0
2033.0,2595.0,115872.0
2033.0,2589.0,115974.0
2034.0,2582.0,116076.0
2033.0,2607.0,116178.0
2033.0,2692.0,116280.0
2032.0,2784.0,116382.0
2032.0,2865.0,116484.0
2032.0,2929.0,116586.0
2032.0,3011.0,116688.0
2032.0,3075.0,116790.0
2032.0,3107.0,116892.0
2031.0,3119.0,116994.0
2029.0,3137.0,117096.0
2029.0,3138.0,117198.0
2029.0,3123.0,117300.0
2029.0,3086.0,117402.0
2028.0,3047.0,117504.0
2032.0,3015.0,117606.0
2028.0,2986.0,117708.0
2028.0,2972.0,117810.0
2029.0,2992.0,117912.0
2029.0,2980.0,118014.0
2028.0,2951.0,118116.0
2028.0,2923.0,118218.0
2030.0,2907.0,118320.0
2028.0,2902.0,118422.0
2029.0,2985.0,118524.0
2029.0,3075.0,118626.0
2029.0,2998.0,118728.0
2030.0,2841.0,118830.0
2029.0,2734.0,118932.0
2030.0,2651.0,119034.0
2030.0,2575.0,119136.0
2032.0,2519.0,119238.0
2032.0,2475.0,119340.0
2032.0,2442.0,119442.0
2032.0,2408.0,119544.0
2033.0,2403.0,119646.0
2029.0,2367.0,119748.0
2031.0,2358.0,119850.0
2029.0,2353.0,119952.0
2030.0,2354.0,120054.0
2028.0,2342.0,120156.0
2028.0,2380.0,120258.0
2028.0,2341.0,120360.0
2029.0,2267.0,120462.0
2027.0,2250.0,120564.0
2030.0,2223.0,120666.0
2030.0,2211.0,120768.0
2030.0,2230.0,120870.0
2029.0,2235.0,120972.0
2028.0,2240.0,121074.0
2028.0,2282.0,121176.0
2029.0,2333.0,121278.0
2030.0,2358.0,121380.0
2029.0,2333.0,121482.0
2030.0,2331.0,121584.0
2030.0,2349.0,121686.0
2030.0,2304.0,121788.0
2030.0,2270.0,121890.0
2029.0,2267.0,121992.0
2031.0,2247.0,122094.0
2029.0,2216.0,122196.0
2029.0,2207.0,122298.0
2028.0,2280.0,122400.0
2027.0,2415.0,122502.0
2027.0,2743.0,122604.0
2027.0,2755.0,122706.0
2029.0,2585.0,122808.0
2029.0,2437.0,122910.0
2029.0,2369.0,123012.0
2028.0,2334.0,123114.0
2027.0,2315.0,123216.0
2029.0,2295.0,123318.0
2028.0,2282.0,123420.0
2027.0,2281.0,123522.0
2029.0,2256.0,123624.0
2030.0,2201.0,123726.0
2028.0,2143.0,123828.0
2028.0,2107.0,123930.0
2031.0,2091.0,124032.0
2030.0,2082.0,124134.0
2030.0,2065.0,124236.0
2038.0,2047.0,124338.0
2037.0,2040.0,124440.0
2037.0,2035.0,124542.0
2029.0,2067.0,124644.0
2029.0,2079.0,124746.0
2029.0,2056.0,124848.0
2038.0,2036.0,124950.0
2037.0,2034.0,125052.0
2038.0,2043.0,125154.0
2029.0,2086.0,125256.0
2029.0,2114.0,125358.0
2029.0,2155.0,125460.0
2028.0,2127.0,125562.0
2028.0,2063.0,125664.0
2036.0,2025.0,125766.0
2037.0,2010.0,125868.0
2037.0,1990.0,125970.0
2036.0,1983.0,126072.0
2036.0,1978.0,126174.0
2035.0,1976.0,126276.0
2037.0,1985.0,126378.0
2036.0,2010.0,126480.0
2027.0,2081.0,126582.0
2028.0,2185.0,126684.0
2027.0,2254.0,126786.0
2028.0,2430.0,126888.0
2027.0,2710.0,126990.0
2026.0,2970.0,127092.0
2026.0,3135.0,127194.0
2026.0,3226.0,127296.0
2025.0,3298.0,127398.0
2025.0,3334.0,127500.0
2026.0,3363.0,127602.0
2025.0,3403.0,127704.0
2024.0,3346.0,127806.0
2025.0,3292.0,127908.0
2023.0,3255.0,128010.0
2022.0,3233.0,128112.0
2024.0,3195.0,128214.0
2025.0,3167.0,128316.0
2024.0,3168.0,128418.0
2023.0,3153.0,128520.0
2025.0,3142.0,128622.0
2025.0,3147.0,128724.0
2025.0,3163.0,128826.0
2025.0,3181.0,128928.0
2025.0,3226.0,129030.0
2024.0,3251.0,129132.0
2026.0,3272.0,129234.0
2026.0,3250.0,129336.0
2026.0,3211.0,129438.0
2026.0,3153.0,129540.0
2027.0,3099.0,129642.0
2027.0,3046.0,129744.0
2027.0,2987.0,129846.0
2028.0,2932.0,129948.0
2028.0,2883.0,130050.0
2027.0,2857.0,130152.0
2025.0,2827.0,130254.0
2026.0,2905.0,130356.0
2027.0,2777.0,130458.0
2027.0,2729.0,130560.0
2027.0,2699.0,130662.0
2028.0,2682.0,130764.0
2027.0,2664.0,130866.0
2027.0,2643.0,130968.0
2026.0,2625.0,131070.0
2026.0,2617.0,131172.0
2028.0,2601.0,131274.0
2027.0,2591.0,131376.0
2026.0,2577.0,131478.0
2027.0,2577.0,131580.0
2027.0,2603.0,131682.0
2028.0,2648.0,131784.0
2027.0,2647.0,131886.0
2027.0,2626.0,131988.0
2029.0,2603.0,132090.0
2028.0,2587.0,132192.0
2029.0,2638.0,132294.0
2028.0,2763.0,132396.0
2028.0,2882.0,132498.0
2028.0,2939.0,132600.0
2028.0,3007.0,132702.0
2027.0,3083.0,132804.0
2026.0,3147.0,132906.0
2028.0,3180.0,133008.0
2028.0,3183.0,133110.0
2026.0,3187.0,133212.0
2026.0,3194.0,133314.0
2025.0,3185.0,133416.0
2025.0,3167.0,133518.0
2026.0,3131.0,133620.0
2026.0,3115.0,133722.0
2026.0,3083.0,133824.0
2024.0,3047.0,133926.0
2026.0,3013.0,134028.0
2028.0,3007.0,134130.0
2027.0,3010.0,134232.0
2027.0,2994.0,134334.0
2025.0,2963.0,134436.0
2026.0,2944.0,134538.0
2026.0,2928.0,134640.0
2027.0,2921.0,134742.0
2027.0,2921.0,134844.0
2027.0,2923.0,134946.0
2027.0,2910.0,135048.0
2027.0,2915.0,135150.0
2026.0,2909.0,135252.0
2026.0,2895.0,135354.0
2027.0,2889.0,135456.0
2028.0,2898.0,135558.0
2027.0,2902.0,135660.0
2027.0,2886.0,135762.0
2028.0,2879.0,135864.0
2027.0,2879.0,135966.0
2027.0,2894.0,136068.0
2027.0,2891.0,136170.0
2027.0,2893.0,136272.0
2027.0,2941.0,136374.0
2027.0,3029.0,136476.0
2027.0,3086.0,136578.0
2027.0,3077.0,136680.0
2027.0,3086.0,136782.0
2028.0,3042.0,136884.0
2028.0,2929.0,136986.0
2028.0,2903.0,137088.0
2027.0,2897.0,137190.0
2028.0,2859.0,137292.0
2027.0,2839.0,137394.0
2026.0,2819.0,137496.0
2028.0,2810.0,137598.0
2029.0,2811.0,137700.0
2028.0,2835.0,137802.0
2028.0,2827.0,137904.0
2029.0,2767.0,138006.0
2029.0,2759.0,138108.0
2029.0,2747.0,138210.0
2029.0,2677.0,138312.0
2029.0,2563.0,138414.0
2028.0,2529.0,138516.0
2030.0,2495.0,138618.0
2032.0,2446.0,138720.0
2033.0,2397.0,138822.0
2034.0,2363.0,138924.0
2033.0,2370.0,139026.0
2032.0,2328.0,139128.0
2031.0,2310.0,139230.0
2032.0,2298.0,139332.0
2028.0,2281.0,139434.0
2029.0,2298.0,139536.0
2029.0,2307.0,139638.0
2030.0,2301.0,139740.0
2032.0,2304.0,139842.0
2032.0,2291.0,139944.0
2032.0,2279.0,140046.0
2031.0,2283.0,140148.0
2029.0,2336.0,140250.0
2030.0,2395.0,140352.0
2029.0,2514.0,140454.0
2027.0,2779.0,140556.0
2027.0,3032.0,140658.0
2026.0,3230.0,140760.0
2026.0,3406.0,140862.0
2026.0,3379.0,140964.0
2026.0,3336.0,141066.0
2026.0,3331.0,141168.0
2025.0,3305.0,141270.0
2026.0,3261.0,141372.0
2025.0,3211.0,141474.0
2026.0,3192.0,141576.0
2027.0,3195.0,141678.0
2026.0,3216.0,141780.0
2025.0,3177.0,141882.0
2024.0,3139.0,141984.0
2025.0,3107.0,142086.0
2025.0,3114.0,142188.0
2025.0,3144.0,142290.0
2025.0,3221.0,142392.0
2025.0,3155.0,142494.0
2026.0,3099.0,142596.0
2026.0,3049.0,142698.0
2025.0,3019.0,142800.0
2025.0,3006.0,142902.0
2027.0,2995.0,143004.0
2024.0,2992.0,143106.0
2026.0,2995.0,143208.0
2026.0,3031.0,143310.0
2026.0,3023.0,143412.0
2026.0,3022.0,143514.0
2024.0,3038.0,143616.0
2025.0,3024.0,143718.0
2024.0,3029.0,143820.0
2026.0,2995.0,143922.0
2024.0,2979.0,144024.0
2025.0,2987.0,144126.0
2025.0,2975.0,144228.0
2024.0,2968.0,144330.0
2026.0,2967.0,144432.0
2025.0,2946.0,144534.0
2025.0,2931.0,144636.0
2027.0,3059.0,144738.0
2025.0,3163.0,144840.0
2026.0,3169.0,144942.0
2027.0,3191.0,145044.0
2029.0,3219.0,145146.0
2032.0,3174.0,145248.0
2032.0,3081.0,145350.0
2032.0,3016.0,145452.0
2032.0,3002.0,145554.0
2034.0,3104.0,145656.0
2033.0,3019.0,145758.0
2032.0,2896.0,145860.0
2033.0,2830.0,145962.0
2034.0,2795.0,146064.0
2035.0,2770.0,146166.0
2036.0,2761.0,146268.0
2034.0,2732.0,146370.0
2035.0,2716.0,146472.0
2035.0,2713.0,146574.0
2034.0,2683.0,146676.0
2035.0,2660.0,146778.0
2034.0,2624.0,146880.0
2036.0,2611.0,146982.0
2034.0,2587.0,147084.0
2034.0,2568.0,147186.0
2034.0,2554.0,147288.0
2033.0,2547.0,147390.0
2034.0,2551.0,147492.0
2034.0,2557.0,147594.0
2034.0,2569.0,147696.0
2034.0,2549.0,147798.0
2035.0,2554.0,147900.0
2035.0,2545.0,148002.0
2032.0,2574.0,148104.0
2033.0,2566.0,148206.0
2032.0,2571.0,148308.0
2033.0,2542.0,148410.0
2032.0,2514.0,148512.0
2032.0,2507.0,148614.0
2032.0,2507.0,148716.0
2032.0,2511.0,148818.0
2030.0,2523.0,148920.0
2030.0,2514.0,149022.0
2030.0,2506.0,149124.0
2032.0,2501.0,149226.0
2030.0,2507.0,149328.0
2032.0,2507.0,149430.0
2032.0,2499.0,149532.0
2031.0,2490.0,149634.0
2030.0,2573.0,149736.0
2028.0,2573.0,149838.0
2030.0,2515.0,149940.0
2032.0,2464.0,150042.0
2030.0,2431.0,150144.0
2030.0,2427.0,150246.0
2030.0,2415.0,150348.0
2029.0,2412.0,150450.0
2032.0,2411.0,150552.0
2032.0,2401.0,150654.0
2028.0,2414.0,150756.0
2030.0,2430.0,150858.0
2029.0,2406.0,150960.0
2029.0,2387.0,151062.0
2029.0,2383.0,151164.0
2029.0,2424.0,151266.0
2028.0,2404.0,151368.0
2028.0,2387.0,151470.0
2029.0,2387.0,151572.0
2030.0,2370.0,151674.0
2029.0,2363.0,151776.0
2029.0,2365.0,151878.0
2028.0,2362.0,151980.0
2028.0,2355.0,152082.0
2027.0,2349.0,152184.0
2027.0,2346.0,152286.0
2028.0,2343.0,152388.0
2028.0,2336.0,152490.0
2028.0,2331.0,152592.0
2028.0,2331.0,152694.0
2028.0,2322.0,152796.0
2027.0,2311.0,152898.0
2026.0,2310.0,153000.0
2027.0,2333.0,153102.0
2026.0,2303.0,153204.0
2027.0,2286.0,153306.0
2028.0,2289.0,153408.0
2027.0,2318.0,153510.0
2027.0,2309.0,153612.0
2028.0,2307.0,153714.0
2027.0,2302.0,153816.0
2026.0,2291.0,153918.0
2026.0,2282.0,154020.0
2026.0,2275.0,154122.0
2027.0,2289.0,154224.0
2027.0,2274.0,154326.0
2027.0,2250.0,154428.0
2028.0,2245.0,154530.0
2027.0,2264.0,154632.0
2027.0,2337.0,154734.0
2026.0,2491.0,154836.0
2024.0,2669.0,154938.0
2023.0,2715.0,155040.0
2025.0,2709.0,155142.0
2024.0,2683.0,155244.0
2024.0,2735.0,155346.0
2024.0,2797.0,155448.0
2024.0,2777.0,155550.0
2023.0,2723.0,155652.0
2024.0,2673.0,155754.0
2024.0,2646.0,155856.0
2024.0,2627.0,155958.0
