2016.0,1884.0,396517.0
2019.0,1859.0,396619.0
2018.0,1845.0,396721.0
2018.0,1835.0,396823.0
2017.0,1826.0,396925.0
2018.0,1806.0,397027.0
2018.0,1775.0,397129.0
2017.0,1860.0,397231.0
2017.0,2033.0,397333.0
2017.0,1998.0,397435.0
2016.0,1879.0,397537.0
2017.0,1797.0,397639.0
2018.0,1737.0,397741.0
2018.0,1865.0,397843.0
2018.0,1952.0,397945.0
2017.0,1973.0,398047.0
2015.0,1833.0,398149.0
2018.0,1762.0,398251.0
2021.0,1702.0,398353.0
2027.0,1650.0,398455.0
2030.0,1590.0,398557.0
2033.0,1539.0,398659.0
2035.0,1481.0,398761.0
2036.0,1431.0,398863.0
2038.0,1452.0,398965.0
2039.0,1421.0,399067.0
2042.0,1326.0,399169.0
2041.0,1278.0,399271.0
2044.0,1246.0,399373.0
2043.0,1192.0,399475.0
2044.0,1181.0,399577.0
2043.0,1284.0,399679.0
2043.0,1228.0,399781.0
2042.0,1162.0,399883.0
2039.0,1331.0,399985.0
2040.0,1326.0,400087.0
2039.0,1207.0,400189.0
2039.0,1211.0,400291.0
2040.0,1210.0,400393.0
2037.0,1343.0,400495.0
2037.0,1558.0,400597.0
2036.0,1925.0,400699.0
2034.0,1818.0,400801.0
2034.0,1647.0,400903.0
2033.0,1551.0,401005.0
2032.0,1505.0,401107.0
2033.0,1566.0,401209.0
2032.0,1889.0,401311.0
2034.0,1906.0,401413.0
2036.0,1715.0,401515.0
2038.0,1541.0,401617.0
2038.0,1451.0,401719.0
2041.0,1379.0,401821.0
2041.0,1303.0,401923.0
2042.0,1251.0,402025.0
2044.0,1185.0,402127.0
2044.0,1146.0,402229.0
2046.0,1143.0,402331.0
2046.0,1111.0,402433.0
2047.0,1072.0,402535.0
2047.0,1216.0,402637.0
2046.0,1189.0,402739.0
2047.0,1061.0,402841.0
2045.0,1039.0,402943.0
2043.0,1165.0,403045.0
2042.0,1211.0,403147.0
2043.0,1322.0,403249.0
2040.0,1697.0,403351.0
2042.0,1611.0,403453.0
2042.0,1436.0,403555.0
2041.0,1364.0,403657.0
2041.0,1292.0,403759.0
2039.0,1294.0,403861.0
2037.0,1511.0,403963.0
2039.0,1404.0,404065.0
2037.0,1264.0,404167.0
2037.0,1203.0,404269.0
2040.0,1175.0,404371.0
2040.0,1200.0,404473.0
2042.0,1310.0,404575.0
2047.0,1411.0,404677.0
2049.0,1258.0,404779.0
2049.0,1144.0,404881.0
2051.0,1096.0,404983.0
2050.0,1051.0,405085.0
2049.0,1011.0,405187.0
2050.0,996.0,405289.0
2048.0,958.0,405391.0
2049.0,929.0,405493.0
2048.0,918.0,405595.0
2048.0,895.0,405697.0
2048.0,871.0,405799.0
2047.0,909.0,405901.0
2046.0,967.0,406003.0
2044.0,954.0,406105.0
2043.0,904.0,406207.0
2043.0,962.0,406309.0
2044.0,996.0,406411.0
2042.0,1093.0,406513.0
2040.0,1443.0,406615.0
2040.0,1525.0,406717.0
2039.0,1356.0,406819.0
2039.0,1269.0,406921.0
2040.0,1241.0,407023.0
2038.0,1220.0,407125.0
2036.0,1303.0,407227.0
2035.0,1547.0,407329.0
2036.0,1527.0,407431.0
2036.0,1382.0,407533.0
2038.0,1252.0,407635.0
2038.0,1152.0,407737.0
2038.0,1077.0,407839.0
2039.0,1067.0,407941.0
2040.0,1031.0,408043.0
2041.0,976.0,408145.0
2042.0,939.0,408247.0
2043.0,922.0,408349.0
2045.0,883.0,408451.0
2047.0,870.0,408553.0
2046.0,943.0,408655.0
2049.0,940.0,408757.0
2047.0,850.0,408859.0
2047.0,832.0,408961.0
2047.0,828.0,409063.0
2046.0,832.0,409165.0
2044.0,1095.0,409267.0
2044.0,1596.0,409369.0
2044.0,1667.0,409471.0
2044.0,1441.0,409573.0
2044.0,1277.0,409675.0
2043.0,1232.0,409777.0
2042.0,1230.0,409879.0
2042.0,1394.0,409981.0
2041.0,1535.0,410083.0
2040.0,1392.0,410185.0
2041.0,1259.0,410287.0
2041.0,1191.0,410389.0
2041.0,1131.0,410491.0
2042.0,1123.0,410593.0
2044.0,1154.0,410695.0
2047.0,1093.0,410797.0
2047.0,1010.0,410899.0
2048.0,956.0,411001.0
2047.0,918.0,411103.0
2048.0,883.0,411205.0
2049.0,901.0,411307.0
2049.0,960.0,411409.0
2049.0,874.0,411511.0
2047.0,817.0,411613.0
2049.0,833.0,411715.0
2049.0,800.0,411817.0
2051.0,764.0,411919.0
2046.0,984.0,412021.0
2048.0,1180.0,412123.0
2046.0,1088.0,412225.0
2045.0,1075.0,412327.0
2044.0,1068.0,412429.0
2044.0,1013.0,412531.0
2043.0,1323.0,412633.0
2042.0,1707.0,412735.0
2042.0,1712.0,412837.0
2043.0,1578.0,412939.0
2043.0,1496.0,413041.0
2040.0,1493.0,413143.0
2041.0,1479.0,413245.0
2039.0,1535.0,413347.0
2042.0,1600.0,413449.0
2040.0,1435.0,413551.0
2043.0,1223.0,413653.0
2046.0,1113.0,413755.0
2047.0,1048.0,413857.0
2049.0,1002.0,413959.0
2047.0,1017.0,414061.0
2050.0,973.0,414163.0
2050.0,915.0,414265.0
2052.0,890.0,414367.0
2052.0,889.0,414469.0
2054.0,852.0,414571.0
2053.0,837.0,414673.0
2055.0,879.0,414775.0
2054.0,819.0,414877.0
2054.0,788.0,414979.0
2052.0,804.0,415081.0
2053.0,864.0,415183.0
2050.0,946.0,415285.0
2049.0,1470.0,415387.0
2047.0,1947.0,415489.0
2046.0,1849.0,415591.0
2047.0,1641.0,415693.0
2047.0,1555.0,415795.0
2046.0,1458.0,415897.0
2047.0,1440.0,415999.0
2045.0,1598.0,416101.0
2045.0,1523.0,416203.0
2044.0,1375.0,416305.0
2045.0,1288.0,416407.0
2045.0,1228.0,416509.0
2044.0,1259.0,416611.0
2043.0,1501.0,416713.0
2045.0,1467.0,416815.0
2045.0,1280.0,416917.0
2046.0,1219.0,417019.0
2050.0,1178.0,417121.0
2051.0,1108.0,417223.0
2052.0,1090.0,417325.0
2052.0,1155.0,417427.0
2054.0,1068.0,417529.0
2055.0,976.0,417631.0
2055.0,932.0,417733.0
2055.0,894.0,417835.0
2055.0,856.0,417937.0
2054.0,887.0,418039.0
2055.0,928.0,418141.0
2056.0,843.0,418243.0
2055.0,788.0,418345.0
2055.0,790.0,418447.0
2056.0,784.0,418549.0
2056.0,778.0,418651.0
2052.0,1001.0,418753.0
2053.0,1190.0,418855.0
2052.0,1053.0,418957.0
2052.0,952.0,419059.0
2052.0,953.0,419161.0
2049.0,1010.0,419263.0
2047.0,1214.0,419365.0
2046.0,1529.0,419467.0
2046.0,1489.0,419569.0
2048.0,1297.0,419671.0
2046.0,1208.0,419773.0
2046.0,1169.0,419875.0
2046.0,1114.0,419977.0
2045.0,1137.0,420079.0
2044.0,1263.0,420181.0
2045.0,1168.0,420283.0
2046.0,1080.0,420385.0
2047.0,1039.0,420487.0
2048.0,1004.0,420589.0
2049.0,963.0,420691.0
2047.0,998.0,420793.0
2049.0,1152.0,420895.0
2050.0,1025.0,420997.0
2049.0,936.0,421099.0
2048.0,894.0,421201.0
2050.0,846.0,421303.0
2049.0,812.0,421405.0
2049.0,852.0,421507.0
2050.0,834.0,421609.0
2052.0,764.0,421711.0
2051.0,743.0,421813.0
2051.0,754.0,421915.0
2050.0,717.0,422017.0
2050.0,694.0,422119.0
2048.0,851.0,422221.0
2047.0,851.0,422323.0
2047.0,751.0,422425.0
2048.0,708.0,422527.0
2049.0,696.0,422629.0
2049.0,672.0,422731.0
2048.0,699.0,422833.0
2046.0,834.0,422935.0
2046.0,811.0,423037.0
2045.0,734.0,423139.0
2045.0,701.0,423241.0
2045.0,684.0,423343.0
2044.0,669.0,423445.0
2044.0,763.0,423547.0
2044.0,792.0,423649.0
2045.0,710.0,423751.0
2044.0,666.0,423853.0
2045.0,651.0,423955.0
2045.0,631.0,424057.0
2045.0,618.0,424159.0
2044.0,814.0,424261.0
2046.0,795.0,424363.0
2044.0,685.0,424465.0
2046.0,646.0,424567.0
2044.0,648.0,424669.0
2046.0,607.0,424771.0
2046.0,604.0,424873.0
2045.0,724.0,424975.0
2045.0,685.0,425077.0
2046.0,614.0,425179.0
2045.0,600.0,425281.0
2044.0,674.0,425383.0
2044.0,699.0,425485.0
2044.0,774.0,425587.0
2041.0,1315.0,425689.0
2041.0,1451.0,425791.0
2041.0,1294.0,425893.0
2042.0,1225.0,425995.0
2041.0,1162.0,426097.0
2039.0,1087.0,426199.0
2039.0,1332.0,426301.0
2038.0,1935.0,426403.0
2037.0,1911.0,426505.0
2037.0,1747.0,426607.0
2040.0,1623.0,426709.0
2039.0,1501.0,426811.0
2043.0,1379.0,426913.0
2042.0,1479.0,427015.0
2044.0,1563.0,427117.0
2045.0,1334.0,427219.0
2045.0,1166.0,427321.0
2046.0,1158.0,427423.0
2047.0,1081.0,427525.0
2047.0,1025.0,427627.0
2047.0,1203.0,427729.0
2048.0,1127.0,427831.0
2047.0,981.0,427933.0
2049.0,938.0,428035.0
2046.0,958.0,428137.0
2047.0,888.0,428239.0
2046.0,895.0,428341.0
2045.0,1104.0,428443.0
2046.0,1108.0,428545.0
2047.0,963.0,428647.0
2047.0,912.0,428749.0
2046.0,884.0,428851.0
2045.0,846.0,428953.0
2043.0,1009.0,429055.0
2042.0,1363.0,429157.0
2044.0,1243.0,429259.0
2043.0,1081.0,429361.0
2044.0,1024.0,429463.0
2042.0,970.0,429565.0
2041.0,1149.0,429667.0
2041.0,1603.0,429769.0
2039.0,1717.0,429871.0
2041.0,1429.0,429973.0
2041.0,1193.0,430075.0
2042.0,1096.0,430177.0
2043.0,1017.0,430279.0
2042.0,994.0,430381.0
2045.0,1064.0,430483.0
2045.0,965.0,430585.0
2047.0,885.0,430687.0
2046.0,857.0,430789.0
2046.0,834.0,430891.0
2046.0,803.0,430993.0
2046.0,827.0,431095.0
2045.0,820.0,431197.0
2048.0,768.0,431299.0
2046.0,746.0,431401.0
2045.0,758.0,431503.0
2046.0,776.0,431605.0
2046.0,872.0,431707.0
2045.0,1169.0,431809.0
2045.0,1379.0,431911.0
2044.0,1346.0,432013.0
2044.0,1268.0,432115.0
2044.0,1168.0,432217.0
2043.0,1081.0,432319.0
2042.0,1185.0,432421.0
2043.0,1242.0,432523.0
2043.0,1121.0,432625.0
2042.0,1045.0,432727.0
2043.0,1029.0,432829.0
2042.0,982.0,432931.0
2041.0,1083.0,433033.0
2040.0,1439.0,433135.0
2041.0,1443.0,433237.0
2042.0,1207.0,433339.0
2044.0,1072.0,433441.0
2047.0,993.0,433543.0
2047.0,926.0,433645.0
2046.0,869.0,433747.0
2048.0,889.0,433849.0
2048.0,838.0,433951.0
2048.0,776.0,434053.0
2049.0,751.0,434155.0
2047.0,746.0,434257.0
2050.0,711.0,434359.0
2049.0,697.0,434461.0
2050.0,732.0,434563.0
2049.0,700.0,434665.0
2049.0,663.0,434767.0
2048.0,686.0,434869.0
2048.0,744.0,434971.0
2046.0,764.0,435073.0
2047.0,894.0,435175.0
2046.0,1039.0,435277.0
2045.0,971.0,435379.0
2044.0,912.0,435481.0
2047.0,880.0,435583.0
2045.0,848.0,435685.0
2046.0,846.0,435787.0
2044.0,947.0,435889.0
2043.0,1021.0,435991.0
2043.0,978.0,436093.0
2042.0,975.0,436195.0
2042.0,941.0,436297.0
2041.0,890.0,436399.0
2043.0,922.0,436501.0
2044.0,1031.0,436603.0
2047.0,864.0,436705.0
2046.0,743.0,436807.0
2048.0,708.0,436909.0
2048.0,674.0,437011.0
2048.0,660.0,437113.0
2049.0,763.0,437215.0
2049.0,718.0,437317.0
2048.0,635.0,437419.0
2049.0,613.0,437521.0
2050.0,623.0,437623.0
2050.0,588.0,437725.0
2051.0,598.0,437827.0
2050.0,656.0,437929.0
2052.0,597.0,438031.0
2051.0,547.0,438133.0
2048.0,553.0,438235.0
2048.0,564.0,438337.0
2048.0,559.0,438439.0
2046.0,631.0,438541.0
2047.0,679.0,438643.0
2049.0,588.0,438745.0
2048.0,572.0,438847.0
2048.0,596.0,438949.0
2044.0,648.0,439051.0
2043.0,1190.0,439153.0
2041.0,1528.0,439255.0
2043.0,1320.0,439357.0
2044.0,1095.0,439459.0
2044.0,1032.0,439561.0
2045.0,967.0,439663.0
2047.0,901.0,439765.0
2046.0,1010.0,439867.0
2047.0,903.0,439969.0
2046.0,789.0,440071.0
2045.0,761.0,440173.0
2046.0,753.0,440275.0
2047.0,703.0,440377.0
2045.0,743.0,440479.0
2046.0,776.0,440581.0
2047.0,695.0,440683.0
2048.0,647.0,440785.0
2048.0,646.0,440887.0
2050.0,699.0,440989.0
2047.0,700.0,441091.0
2046.0,1112.0,441193.0
2046.0,1107.0,441295.0
2045.0,896.0,441397.0
2047.0,825.0,441499.0
2046.0,777.0,441601.0
2045.0,775.0,441703.0
2044.0,1015.0,441805.0
2044.0,1242.0,441907.0
2044.0,1069.0,442009.0
2043.0,964.0,442111.0
2043.0,910.0,442213.0
2043.0,861.0,442315.0
2044.0,847.0,442417.0
2045.0,978.0,442519.0
2047.0,886.0,442621.0
2049.0,757.0,442723.0
2051.0,702.0,442825.0
2052.0,668.0,442927.0
2054.0,643.0,443029.0
2052.0,700.0,443131.0
2053.0,753.0,443233.0
2051.0,661.0,443335.0
2052.0,604.0,443437.0
2053.0,594.0,443539.0
2053.0,570.0,443641.0
2052.0,562.0,443743.0
2052.0,699.0,443845.0
2052.0,672.0,443947.0
2051.0,619.0,444049.0
2049.0,590.0,444151.0
2050.0,649.0,444253.0
2050.0,646.0,444355.0
2047.0,772.0,444457.0
2047.0,1057.0,444559.0
2046.0,931.0,444661.0
2047.0,775.0,444763.0
2048.0,703.0,444865.0
2047.0,663.0,444967.0
2047.0,650.0,445069.0
2046.0,744.0,445171.0
2045.0,718.0,445273.0
2046.0,625.0,445375.0
2045.0,588.0,445477.0
2047.0,564.0,445579.0
2048.0,550.0,445681.0
2048.0,562.0,445783.0
2050.0,583.0,445885.0
2051.0,528.0,445987.0
2052.0,498.0,446089.0
2051.0,506.0,446191.0
2049.0,512.0,446293.0
2049.0,485.0,446395.0
2051.0,502.0,446497.0
2049.0,544.0,446599.0
2051.0,480.0,446701.0
2050.0,457.0,446803.0
2051.0,474.0,446905.0
2050.0,483.0,447007.0
2050.0,463.0,447109.0
2048.0,560.0,447211.0
2047.0,554.0,447313.0
2049.0,487.0,447415.0
2047.0,489.0,447517.0
2046.0,516.0,447619.0
2046.0,536.0,447721.0
2045.0,753.0,447823.0
2045.0,1051.0,447925.0
2044.0,1081.0,448027.0
2041.0,997.0,448129.0
2042.0,978.0,448231.0
2043.0,921.0,448333.0
2042.0,844.0,448435.0
2041.0,1114.0,448537.0
2040.0,1340.0,448639.0
2041.0,1173.0,448741.0
2042.0,956.0,448843.0
2044.0,871.0,448945.0
2043.0,807.0,449047.0
2042.0,824.0,449149.0
2041.0,1077.0,449251.0
2041.0,1067.0,449353.0
2040.0,882.0,449455.0
2042.0,747.0,449557.0
2043.0,704.0,449659.0
2043.0,661.0,449761.0
2042.0,672.0,449863.0
2042.0,847.0,449965.0
2043.0,728.0,450067.0
2043.0,627.0,450169.0
2042.0,618.0,450271.0
2042.0,594.0,450373.0
2043.0,561.0,450475.0
2042.0,614.0,450577.0
2043.0,691.0,450679.0
2041.0,603.0,450781.0
2043.0,559.0,450883.0
2041.0,574.0,450985.0
2041.0,606.0,451087.0
2041.0,704.0,451189.0
2039.0,1204.0,451291.0
2039.0,1380.0,451393.0
2038.0,1195.0,451495.0
2039.0,1105.0,451597.0
2038.0,1041.0,451699.0
2039.0,972.0,451801.0
2037.0,1005.0,451903.0
2038.0,1050.0,452005.0
2039.0,916.0,452107.0
2039.0,792.0,452209.0
2039.0,765.0,452311.0
2040.0,712.0,452413.0
2041.0,673.0,452515.0
2040.0,709.0,452617.0
2040.0,695.0,452719.0
2041.0,619.0,452821.0
2041.0,600.0,452923.0
2041.0,596.0,453025.0
2041.0,568.0,453127.0
2041.0,660.0,453229.0
2041.0,826.0,453331.0
2041.0,683.0,453433.0
2041.0,583.0,453535.0
2041.0,564.0,453637.0
2042.0,560.0,453739.0
2043.0,544.0,453841.0
2040.0,784.0,453943.0
2040.0,922.0,454045.0
2041.0,802.0,454147.0
2041.0,689.0,454249.0
2039.0,733.0,454351.0
2040.0,739.0,454453.0
2040.0,697.0,454555.0
2037.0,932.0,454657.0
2038.0,955.0,454759.0
2039.0,794.0,454861.0
2039.0,748.0,454963.0
2039.0,756.0,455065.0
2039.0,748.0,455167.0
2037.0,879.0,455269.0
2038.0,1132.0,455371.0
2039.0,934.0,455473.0
2040.0,730.0,455575.0
2043.0,689.0,455677.0
2044.0,643.0,455779.0
2044.0,600.0,455881.0
2044.0,643.0,455983.0
2045.0,656.0,456085.0
2046.0,583.0,456187.0
2045.0,543.0,456289.0
2043.0,546.0,456391.0
2044.0,519.0,456493.0
2045.0,512.0,456595.0
2045.0,581.0,456697.0
2044.0,573.0,456799.0
2046.0,528.0,456901.0
2043.0,528.0,457003.0
2044.0,518.0,457105.0
2043.0,543.0,457207.0
2040.0,735.0,457309.0
2041.0,891.0,457411.0
2041.0,732.0,457513.0
2042.0,652.0,457615.0
2041.0,630.0,457717.0
2041.0,599.0,457819.0
2041.0,659.0,457921.0
2039.0,894.0,458023.0
2040.0,859.0,458125.0
2039.0,782.0,458227.0
2041.0,778.0,458329.0
2043.0,721.0,458431.0
2045.0,617.0,458533.0
2044.0,654.0,458635.0
2044.0,747.0,458737.0
2046.0,626.0,458839.0
2048.0,536.0,458941.0
2045.0,537.0,459043.0
2046.0,512.0,459145.0
2048.0,472.0,459247.0
2045.0,536.0,459349.0
2046.0,508.0,459451.0
2045.0,448.0,459553.0
2046.0,435.0,459655.0
2046.0,454.0,459757.0
2046.0,433.0,459859.0
2046.0,442.0,459961.0
2044.0,592.0,460063.0
2046.0,537.0,460165.0
2045.0,473.0,460267.0
2043.0,522.0,460369.0
2043.0,566.0,460471.0
2043.0,541.0,460573.0
2042.0,560.0,460675.0
2041.0,875.0,460777.0
2040.0,851.0,460879.0
2039.0,1011.0,460981.0
2038.0,1429.0,461083.0
2038.0,1374.0,461185.0
2039.0,1173.0,461287.0
2040.0,1112.0,461389.0
2040.0,1109.0,461491.0
2040.0,931.0,461593.0
2041.0,818.0,461695.0
2041.0,804.0,461797.0
2040.0,746.0,461899.0
2040.0,712.0,462001.0
2041.0,837.0,462103.0
2041.0,773.0,462205.0
2042.0,661.0,462307.0
2041.0,641.0,462409.0
2041.0,634.0,462511.0
2042.0,577.0,462613.0
2040.0,649.0,462715.0
2040.0,839.0,462817.0
2041.0,813.0,462919.0
2042.0,738.0,463021.0
2042.0,824.0,463123.0
2042.0,723.0,463225.0
2041.0,669.0,463327.0
2040.0,880.0,463429.0
2040.0,906.0,463531.0
2039.0,764.0,463633.0
2041.0,704.0,463735.0
2039.0,672.0,463837.0
2041.0,665.0,463939.0
2039.0,753.0,464041.0
2038.0,985.0,464143.0
2041.0,909.0,464245.0
2040.0,757.0,464347.0
2040.0,698.0,464449.0
2038.0,648.0,464551.0
2038.0,646.0,464653.0
2037.0,848.0,464755.0
2037.0,1252.0,464857.0
2039.0,1133.0,464959.0
2037.0,885.0,465061.0
2038.0,861.0,465163.0
2037.0,795.0,465265.0
2039.0,736.0,465367.0
2035.0,1019.0,465469.0
2034.0,1246.0,465571.0
2037.0,984.0,465673.0
2038.0,793.0,465775.0
2038.0,738.0,465877.0
2039.0,672.0,465979.0
2038.0,650.0,466081.0
2038.0,855.0,466183.0
2039.0,771.0,466285.0
2039.0,671.0,466387.0
2036.0,897.0,466489.0
2036.0,1351.0,466591.0
2038.0,1243.0,466693.0
2036.0,1152.0,466795.0
2036.0,1273.0,466897.0
2039.0,1132.0,466999.0
2037.0,966.0,467101.0
2037.0,946.0,467203.0
2036.0,1075.0,467305.0
2037.0,1306.0,467407.0
2036.0,1544.0,467509.0
2034.0,1485.0,467611.0
2035.0,1242.0,467713.0
2036.0,1069.0,467815.0
2034.0,1061.0,467917.0
2036.0,979.0,468019.0
2036.0,937.0,468121.0
2036.0,1019.0,468223.0
2036.0,944.0,468325.0
2035.0,821.0,468427.0
2035.0,776.0,468529.0
2036.0,776.0,468631.0
2034.0,724.0,468733.0
2037.0,706.0,468835.0
2036.0,727.0,468937.0
2034.0,667.0,469039.0
2036.0,630.0,469141.0
2036.0,681.0,469243.0
2034.0,766.0,469345.0
2035.0,860.0,469447.0
2030.0,1475.0,469549.0
2022.0,2118.0,469651.0
2023.0,2129.0,469753.0
2032.0,1916.0,469855.0
2032.0,1904.0,469957.0
2032.0,1782.0,470059.0
2032.0,1727.0,470161.0
2024.0,2059.0,470263.0
2022.0,2151.0,470365.0
2032.0,1965.0,470467.0
2030.0,1675.0,470569.0
2032.0,1537.0,470671.0
2032.0,1441.0,470773.0
2032.0,1395.0,470875.0
2032.0,1623.0,470977.0
2033.0,1552.0,471079.0
2033.0,1318.0,471181.0
2033.0,1225.0,471283.0
2034.0,1176.0,471385.0
2034.0,1093.0,471487.0
2034.0,1049.0,471589.0
2034.0,1083.0,471691.0
2036.0,1040.0,471793.0
2035.0,977.0,471895.0
2035.0,975.0,471997.0
2036.0,941.0,472099.0
2037.0,907.0,472201.0
2038.0,982.0,472303.0
2039.0,1092.0,472405.0
2039.0,976.0,472507.0
2038.0,957.0,472609.0
2037.0,1030.0,472711.0
2037.0,963.0,472813.0
2036.0,936.0,472915.0
2038.0,1208.0,473017.0
2038.0,1259.0,473119.0
2036.0,1138.0,473221.0
2037.0,1044.0,473323.0
2037.0,987.0,473425.0
2037.0,969.0,473527.0
2037.0,1080.0,473629.0
2034.0,1176.0,473731.0
2036.0,1086.0,473833.0
2034.0,1019.0,473935.0
2037.0,1018.0,474037.0
2038.0,1039.0,474139.0
2038.0,1097.0,474241.0
2038.0,1471.0,474343.0
2040.0,1751.0,474445.0
2040.0,1555.0,474547.0
2042.0,1383.0,474649.0
2041.0,1337.0,474751.0
2042.0,1196.0,474853.0
2042.0,1114.0,474955.0
2043.0,1237.0,475057.0
2042.0,1136.0,475159.0
2043.0,1019.0,475261.0
2043.0,979.0,475363.0
2043.0,949.0,475465.0
2043.0,903.0,475567.0
2043.0,959.0,475669.0
2040.0,1387.0,475771.0
2040.0,1862.0,475873.0
2039.0,1820.0,475975.0
2039.0,1698.0,476077.0
2039.0,1619.0,476179.0
2040.0,1500.0,476281.0
2041.0,1411.0,476383.0
2041.0,1343.0,476485.0
2040.0,1295.0,476587.0
2039.0,1259.0,476689.0
2038.0,1279.0,476791.0
2039.0,1235.0,476893.0
2038.0,1273.0,476995.0
2039.0,1697.0,477097.0
2039.0,1792.0,477199.0
2040.0,1613.0,477301.0
2040.0,1452.0,477403.0
2041.0,1411.0,477505.0
2042.0,1302.0,477607.0
2041.0,1218.0,477709.0
2040.0,1335.0,477811.0
2041.0,1228.0,477913.0
2042.0,1074.0,478015.0
2043.0,1029.0,478117.0
2043.0,990.0,478219.0
2045.0,931.0,478321.0
2044.0,930.0,478423.0
2044.0,1054.0,478525.0
2042.0,955.0,478627.0
2045.0,935.0,478729.0
2041.0,1279.0,478831.0
2043.0,1418.0,478933.0
2041.0,1327.0,479035.0
2043.0,1233.0,479137.0
2043.0,1165.0,479239.0
2044.0,1047.0,479341.0
2044.0,964.0,479443.0
2043.0,911.0,479545.0
2043.0,905.0,479647.0
2041.0,1066.0,479749.0
2043.0,1061.0,479851.0
2042.0,947.0,479953.0
2043.0,869.0,480055.0
2043.0,893.0,480157.0
2042.0,839.0,480259.0
2045.0,792.0,480361.0
2046.0,922.0,480463.0
2047.0,924.0,480565.0
2047.0,818.0,480667.0
2047.0,753.0,480769.0
2046.0,863.0,480871.0
2047.0,823.0,480973.0
2048.0,747.0,481075.0
2049.0,908.0,481177.0
2050.0,827.0,481279.0
2049.0,719.0,481381.0
2049.0,711.0,481483.0
2049.0,691.0,481585.0
2049.0,645.0,481687.0
2049.0,673.0,481789.0
2048.0,766.0,481891.0
2047.0,733.0,481993.0
2048.0,675.0,482095.0
2048.0,775.0,482197.0
2048.0,750.0,482299.0
2047.0,819.0,482401.0
2044.0,1060.0,482503.0
2045.0,1164.0,482605.0
2045.0,965.0,482707.0
2045.0,885.0,482809.0
2043.0,865.0,482911.0
2043.0,827.0,483013.0
2043.0,972.0,483115.0
2044.0,1135.0,483217.0
2046.0,1079.0,483319.0
2045.0,939.0,483421.0
2045.0,1035.0,483523.0
2047.0,1019.0,483625.0
2046.0,881.0,483727.0
2045.0,889.0,483829.0
2046.0,1033.0,483931.0
2045.0,862.0,484033.0
2045.0,757.0,484135.0
2047.0,748.0,484237.0
2046.0,697.0,484339.0
2048.0,662.0,484441.0
2046.0,696.0,484543.0
2047.0,655.0,484645.0
2048.0,612.0,484747.0
2047.0,612.0,484849.0
2048.0,601.0,484951.0
2048.0,584.0,485053.0
2047.0,652.0,485155.0
2046.0,803.0,485257.0
2047.0,718.0,485359.0
2047.0,639.0,485461.0
2046.0,640.0,485563.0
2048.0,621.0,485665.0
2044.0,670.0,485767.0
2043.0,1158.0,485869.0
2045.0,1048.0,485971.0
2045.0,892.0,486073.0
2044.0,926.0,486175.0
2045.0,873.0,486277.0
2045.0,824.0,486379.0
2044.0,841.0,486481.0
2045.0,938.0,486583.0
2044.0,838.0,486685.0
2045.0,739.0,486787.0
2047.0,709.0,486889.0
2047.0,705.0,486991.0
2047.0,646.0,487093.0
2049.0,690.0,487195.0
2047.0,698.0,487297.0
2050.0,621.0,487399.0
2049.0,598.0,487501.0
2048.0,631.0,487603.0
2047.0,627.0,487705.0
2048.0,580.0,487807.0
2046.0,788.0,487909.0
2048.0,855.0,488011.0
2047.0,701.0,488113.0
2047.0,608.0,488215.0
2048.0,602.0,488317.0
2047.0,578.0,488419.0
2047.0,556.0,488521.0
2045.0,693.0,488623.0
2046.0,611.0,488725.0
2046.0,552.0,488827.0
2044.0,614.0,488929.0
2045.0,630.0,489031.0
2045.0,592.0,489133.0
2044.0,613.0,489235.0
2044.0,661.0,489337.0
2045.0,591.0,489439.0
2045.0,535.0,489541.0
2044.0,534.0,489643.0
2045.0,526.0,489745.0
2046.0,492.0,489847.0
2046.0,488.0,489949.0
2048.0,498.0,490051.0
2050.0,473.0,490153.0
2048.0,468.0,490255.0
2047.0,529.0,490357.0
2048.0,533.0,490459.0
2050.0,479.0,490561.0
2048.0,508.0,490663.0
2049.0,504.0,490765.0
2051.0,458.0,490867.0
2052.0,450.0,490969.0
2048.0,548.0,491071.0
2047.0,572.0,491173.0
2048.0,485.0,491275.0
2049.0,476.0,491377.0
2049.0,489.0,491479.0
2048.0,482.0,491581.0
2047.0,733.0,491683.0
2046.0,779.0,491785.0
2047.0,650.0,491887.0
2046.0,575.0,491989.0
2044.0,571.0,492091.0
2046.0,549.0,492193.0
2043.0,597.0,492295.0
2045.0,759.0,492397.0
2043.0,744.0,492499.0
2041.0,792.0,492601.0
2044.0,959.0,492703.0
2045.0,923.0,492805.0
2047.0,761.0,492907.0
2049.0,724.0,493009.0
2050.0,780.0,493111.0
2051.0,722.0,493213.0
2052.0,654.0,493315.0
2050.0,697.0,493417.0
2051.0,636.0,493519.0
2050.0,569.0,493621.0
2052.0,593.0,493723.0
2052.0,563.0,493825.0
2052.0,505.0,493927.0
2054.0,502.0,494029.0
2056.0,508.0,494131.0
2056.0,466.0,494233.0
2055.0,509.0,494335.0
2052.0,576.0,494437.0
2053.0,569.0,494539.0
2054.0,495.0,494641.0
2052.0,530.0,494743.0
2052.0,514.0,494845.0
2052.0,476.0,494947.0
2053.0,488.0,495049.0
2050.0,515.0,495151.0
2050.0,518.0,495253.0
2049.0,582.0,495355.0
2048.0,785.0,495457.0
2047.0,743.0,495559.0
2047.0,659.0,495661.0
2046.0,653.0,495763.0
2046.0,610.0,495865.0
2048.0,584.0,495967.0
2047.0,619.0,496069.0
2050.0,614.0,496171.0
2050.0,520.0,496273.0
2052.0,504.0,496375.0
2053.0,516.0,496477.0
2053.0,470.0,496579.0
2053.0,500.0,496681.0
2053.0,538.0,496783.0
2054.0,473.0,496885.0
2056.0,439.0,496987.0
2056.0,443.0,497089.0
2055.0,423.0,497191.0
2054.0,404.0,497293.0
2053.0,424.0,497395.0
2054.0,462.0,497497.0
2052.0,412.0,497599.0
2054.0,409.0,497701.0
2054.0,412.0,497803.0
2054.0,386.0,497905.0
2053.0,391.0,498007.0
2055.0,449.0,498109.0
2053.0,423.0,498211.0
2051.0,403.0,498313.0
2051.0,454.0,498415.0
2051.0,489.0,498517.0
2051.0,459.0,498619.0
2047.0,751.0,498721.0
2047.0,795.0,498823.0
2049.0,640.0,498925.0
2049.0,570.0,499027.0
2047.0,531.0,499129.0
2047.0,550.0,499231.0
2046.0,639.0,499333.0
2047.0,767.0,499435.0
2049.0,626.0,499537.0
2051.0,536.0,499639.0
2052.0,537.0,499741.0
2055.0,498.0,499843.0
2057.0,462.0,499945.0
2058.0,600.0,500047.0
2057.0,547.0,500149.0
2058.0,462.0,500251.0
2058.0,483.0,500353.0
2058.0,464.0,500455.0
2058.0,424.0,500557.0
2058.0,424.0,500659.0
2058.0,510.0,500761.0
2057.0,466.0,500863.0
2058.0,440.0,500965.0
2053.0,636.0,501067.0
2053.0,985.0,501169.0
2051.0,1567.0,501271.0
2041.0,2241.0,501373.0
2038.0,2563.0,501475.0
2037.0,2562.0,501577.0
2037.0,2421.0,501679.0
2038.0,2303.0,501781.0
2038.0,2278.0,501883.0
2037.0,2196.0,501985.0
2038.0,2205.0,502087.0
2037.0,2125.0,502189.0
2043.0,1978.0,502291.0
2044.0,1891.0,502393.0
2044.0,1789.0,502495.0
2043.0,1734.0,502597.0
2045.0,1799.0,502699.0
2045.0,2033.0,502801.0
2045.0,1894.0,502903.0
2047.0,1699.0,503005.0
2047.0,1658.0,503107.0
2047.0,1568.0,503209.0
2047.0,1494.0,503311.0
2046.0,1505.0,503413.0
2045.0,1520.0,503515.0
2046.0,1405.0,503617.0
2045.0,1354.0,503719.0
2046.0,1360.0,503821.0
2048.0,1274.0,503923.0
2047.0,1262.0,504025.0
2045.0,1675.0,504127.0
2046.0,1890.0,504229.0
2045.0,1782.0,504331.0
2046.0,1853.0,504433.0
2044.0,1798.0,504535.0
2046.0,1635.0,504637.0
2045.0,1524.0,504739.0
2044.0,1496.0,504841.0
2045.0,1385.0,504943.0
2047.0,1318.0,505045.0
2045.0,1321.0,505147.0
2044.0,1269.0,505249.0
2043.0,1609.0,505351.0
2035.0,2216.0,505453.0
2034.0,2184.0,505555.0
2043.0,2000.0,505657.0
2041.0,1992.0,505759.0
2033.0,2136.0,505861.0
2033.0,2065.0,505963.0
2041.0,1960.0,506065.0
2033.0,2150.0,506167.0
2035.0,2147.0,506269.0
2042.0,1955.0,506371.0
2042.0,1816.0,506473.0
2043.0,1751.0,506575.0
2043.0,1651.0,506677.0
2043.0,1576.0,506779.0
2042.0,1807.0,506881.0
2043.0,1702.0,506983.0
2044.0,1505.0,507085.0
2043.0,1461.0,507187.0
2042.0,1506.0,507289.0
2044.0,1425.0,507391.0
2042.0,1391.0,507493.0
2042.0,1611.0,507595.0
2043.0,1543.0,507697.0
2043.0,1396.0,507799.0
2044.0,1403.0,507901.0
2042.0,1337.0,508003.0
2042.0,1448.0,508105.0
2039.0,1915.0,508207.0
2040.0,1922.0,508309.0
2040.0,1695.0,508411.0
2040.0,1820.0,508513.0
2039.0,2005.0,508615.0
2040.0,1890.0,508717.0
2040.0,1801.0,508819.0
2040.0,1886.0,508921.0
2042.0,1800.0,509023.0
2042.0,1559.0,509125.0
2041.0,1428.0,509227.0
2043.0,1375.0,509329.0
2043.0,1283.0,509431.0
2040.0,1252.0,509533.0
2042.0,1336.0,509635.0
2043.0,1200.0,509737.0
2043.0,1117.0,509839.0
2043.0,1137.0,509941.0
2042.0,1377.0,510043.0
2044.0,1433.0,510145.0
2042.0,1970.0,510247.0
2033.0,2342.0,510349.0
2034.0,2309.0,510451.0
2042.0,1976.0,510553.0
2041.0,1837.0,510655.0
2042.0,1713.0,510757.0
2042.0,1617.0,510859.0
2041.0,1707.0,510961.0
2042.0,1613.0,511063.0
2041.0,1483.0,511165.0
2042.0,1455.0,511267.0
2043.0,1403.0,511369.0
2042.0,1342.0,511471.0
2040.0,1503.0,511573.0
2042.0,1612.0,511675.0
2043.0,1462.0,511777.0
2045.0,1320.0,511879.0
2045.0,1257.0,511981.0
2047.0,1209.0,512083.0
2051.0,1177.0,512185.0
2051.0,1327.0,512287.0
2052.0,1287.0,512389.0
2054.0,1155.0,512491.0
2053.0,1125.0,512593.0
2055.0,1097.0,512695.0
2054.0,1043.0,512797.0
2054.0,1024.0,512899.0
2053.0,1084.0,513001.0
2054.0,1035.0,513103.0
2054.0,1034.0,513205.0
2052.0,1142.0,513307.0
2052.0,1154.0,513409.0
2052.0,1068.0,513511.0
2050.0,1170.0,513613.0
2047.0,1247.0,513715.0
2048.0,1169.0,513817.0
2049.0,1135.0,513919.0
2049.0,1088.0,514021.0
2050.0,1026.0,514123.0
2048.0,1072.0,514225.0
2048.0,1155.0,514327.0
2046.0,1059.0,514429.0
2046.0,1030.0,514531.0
2045.0,1015.0,514633.0
2046.0,976.0,514735.0
2044.0,950.0,514837.0
2044.0,979.0,514939.0
2048.0,976.0,515041.0
2051.0,919.0,515143.0
2052.0,900.0,515245.0
2053.0,918.0,515347.0
2052.0,875.0,515449.0
2052.0,879.0,515551.0
2050.0,1025.0,515653.0
2050.0,1631.0,515755.0
2047.0,1678.0,515857.0
2049.0,1590.0,515959.0
2048.0,1510.0,516061.0
2047.0,1454.0,516163.0
2048.0,1414.0,516265.0
2047.0,1363.0,516367.0
2046.0,1325.0,516469.0
2045.0,1276.0,516571.0
2045.0,1222.0,516673.0
2045.0,1178.0,516775.0
2044.0,1143.0,516877.0
2044.0,1114.0,516979.0
2044.0,1080.0,517081.0
2044.0,1043.0,517183.0
2043.0,1022.0,517285.0
